{
    "0": {
        "ID": [
            3,
            0,
            0
        ],
        "OfferTitle": "daily",
        "Cost": 10,
        "OldCost": 200,
        "Multiplier": [
            1,
            1,
            0
        ],
        "BrawlerID": [
            23,
            0,
            0
        ],
        "SkinID": [
            131,
            29,
            0
        ],
        "WhoBuyed": [
            8518,
            9,
            7659,
            7827,
            7743,
            21,
            252,
            445,
            7808,
            7828,
            7836,
            71,
            7720,
            431,
            8552,
            6484,
            7814,
            74,
            486,
            82,
            7705,
            7804,
            261,
            7821,
            7829,
            7681,
            8563,
            7833,
            155,
            6496,
            7760,
            7810,
            7834,
            51,
            7835,
            227,
            8595,
            7837,
            7497,
            7838,
            542,
            544,
            7809,
            490,
            7839,
            7769,
            108,
            7812,
            7840,
            238,
            7841,
            307,
            7785,
            426,
            7842,
            7843,
            454,
            7844,
            277,
            7845,
            7654,
            199,
            7846,
            7847,
            287,
            7848,
            190,
            7849,
            7850,
            7851,
            7852,
            7853,
            7656,
            7854,
            7855,
            7856,
            7857,
            7771,
            7671,
            7860,
            7861,
            7862,
            7863,
            336,
            7864,
            7,
            7865,
            7866,
            8507,
            7717,
            7692,
            7868,
            7869,
            681,
            7870,
            7872,
            7871,
            7873,
            7874,
            7631,
            7875,
            7876,
            7877,
            7878,
            7879,
            485,
            7882,
            7883,
            8573,
            7884,
            7885,
            7886,
            7887,
            8475,
            7889,
            7890,
            766,
            7891,
            7618,
            444,
            106,
            7892,
            7894,
            7893,
            7895,
            7807,
            7896,
            8539,
            7897,
            7899,
            7900,
            7901,
            7902,
            7903,
            8586,
            7677,
            186,
            684,
            7858,
            7859,
            7867,
            345,
            637,
            7880,
            7881,
            7888,
            7898,
            7817,
            7904,
            7905,
            7906,
            7907,
            7908,
            7909,
            7910,
            7911,
            7912,
            819,
            7913,
            7703,
            7914,
            7915,
            7916,
            7917,
            7918,
            7919,
            7920,
            7921,
            50,
            7922,
            7923,
            7924,
            7925,
            7926,
            614,
            7927,
            7928,
            7929,
            7930,
            7931,
            7932,
            7933,
            7934,
            6502,
            7935,
            7500,
            7936,
            7937,
            7938,
            7939,
            7940,
            248,
            7941,
            7942,
            7943,
            7944,
            7945,
            81,
            697,
            7946,
            7947,
            7949,
            7950,
            7951,
            7952,
            7948,
            501,
            7953,
            7954,
            357,
            7955,
            7956,
            7957,
            7971
        ],
        "Timer": 86400,
        "OfferBGR": "offer_gems",
        "ShopType": 0,
        "ShopDisplay": 0
    },
    "1": {
        "ID": [
            8,
            0,
            0
        ],
        "OfferTitle": "daily",
        "Cost": 97,
        "OldCost": 0,
        "Multiplier": [
            83,
            0,
            0
        ],
        "BrawlerID": [
            17,
            0,
            0
        ],
        "SkinID": [
            0,
            0,
            0
        ],
        "WhoBuyed": [
            21,
            7934,
            9
        ],
        "Timer": 86400,
        "OfferBGR": "offer_gems",
        "ShopType": 1,
        "ShopDisplay": 1
    },
    "2": {
        "ID": [
            8,
            0,
            0
        ],
        "OfferTitle": "daily",
        "Cost": 24,
        "OldCost": 0,
        "Multiplier": [
            67,
            0,
            0
        ],
        "BrawlerID": [
            4,
            0,
            0
        ],
        "SkinID": [
            0,
            0,
            0
        ],
        "WhoBuyed": [
            21,
            7934,
            7948,
            9
        ],
        "Timer": 86400,
        "OfferBGR": "offer_gems",
        "ShopType": 1,
        "ShopDisplay": 1
    },
    "3": {
        "ID": [
            8,
            0,
            0
        ],
        "OfferTitle": "daily",
        "Cost": 54,
        "OldCost": 0,
        "Multiplier": [
            76,
            0,
            0
        ],
        "BrawlerID": [
            22,
            0,
            0
        ],
        "SkinID": [
            0,
            0,
            0
        ],
        "WhoBuyed": [
            21,
            7934,
            9
        ],
        "Timer": 86400,
        "OfferBGR": "offer_gems",
        "ShopType": 1,
        "ShopDisplay": 1
    },
    "4": {
        "ID": [
            8,
            0,
            0
        ],
        "OfferTitle": "daily",
        "Cost": 174,
        "OldCost": 0,
        "Multiplier": [
            2,
            0,
            0
        ],
        "BrawlerID": [
            25,
            0,
            0
        ],
        "SkinID": [
            0,
            0,
            0
        ],
        "WhoBuyed": [
            21,
            7934
        ],
        "Timer": 86400,
        "OfferBGR": "offer_gems",
        "ShopType": 1,
        "ShopDisplay": 1
    },
    "5": {
        "ID": [
            8,
            0,
            0
        ],
        "OfferTitle": "daily",
        "Cost": 155,
        "OldCost": 0,
        "Multiplier": [
            88,
            0,
            0
        ],
        "BrawlerID": [
            18,
            0,
            0
        ],
        "SkinID": [
            0,
            0,
            0
        ],
        "WhoBuyed": [
            21,
            7934,
            9
        ],
        "Timer": 86400,
        "OfferBGR": "offer_gems",
        "ShopType": 1,
        "ShopDisplay": 1
    },
    "6": {
        "ID": [
            4,
            0,
            0
        ],
        "OfferTitle": "DAILY SKIN",
        "Cost": 118,
        "OldCost": 0,
        "Multiplier": [
            0,
            0,
            0
        ],
        "BrawlerID": [
            0,
            0,
            0
        ],
        "SkinID": [
            160,
            0,
            0
        ],
        "WhoBuyed": [
            7705,
            252,
            7935,
            21,
            7934,
            7948,
            345,
            9
        ],
        "Timer": 86400,
        "OfferBGR": "offer_gems",
        "ShopType": 0,
        "ShopDisplay": 0
    },
    "7": {
        "ID": [
            4,
            0,
            0
        ],
        "OfferTitle": "DAILY SKIN",
        "Cost": 16,
        "OldCost": 0,
        "Multiplier": [
            0,
            0,
            0
        ],
        "BrawlerID": [
            0,
            0,
            0
        ],
        "SkinID": [
            50,
            0,
            0
        ],
        "WhoBuyed": [
            7705,
            345,
            6496,
            252,
            7935,
            21,
            7934,
            501,
            227,
            7954,
            9
        ],
        "Timer": 86400,
        "OfferBGR": "offer_gems",
        "ShopType": 0,
        "ShopDisplay": 0
    },
    "8": {
        "ID": [
            4,
            0,
            0
        ],
        "OfferTitle": "DAILY SKIN",
        "Cost": 102,
        "OldCost": 0,
        "Multiplier": [
            0,
            0,
            0
        ],
        "BrawlerID": [
            0,
            0,
            0
        ],
        "SkinID": [
            117,
            0,
            0
        ],
        "WhoBuyed": [
            7705,
            252,
            21,
            7934
        ],
        "Timer": 86400,
        "OfferBGR": "offer_gems",
        "ShopType": 0,
        "ShopDisplay": 0
    },
    "9": {
        "ID": [
            4,
            0,
            0
        ],
        "OfferTitle": "DAILY SKIN",
        "Cost": 227,
        "OldCost": 0,
        "Multiplier": [
            0,
            0,
            0
        ],
        "BrawlerID": [
            0,
            0,
            0
        ],
        "SkinID": [
            61,
            0,
            0
        ],
        "WhoBuyed": [
            7705,
            21,
            7934
        ],
        "Timer": 86400,
        "OfferBGR": "offer_gems",
        "ShopType": 0,
        "ShopDisplay": 0
    },
    "10": {
        "ID": [
            4,
            0,
            0
        ],
        "OfferTitle": "DAILY SKIN",
        "Cost": 11,
        "OldCost": 0,
        "Multiplier": [
            0,
            0,
            0
        ],
        "BrawlerID": [
            0,
            0,
            0
        ],
        "SkinID": [
            109,
            0,
            0
        ],
        "WhoBuyed": [
            7705,
            7935,
            21,
            7934,
            501,
            7954,
            9
        ],
        "Timer": 86400,
        "OfferBGR": "offer_gems",
        "ShopType": 0,
        "ShopDisplay": 0
    },
    "11": {
        "ID": [
            4,
            0,
            0
        ],
        "OfferTitle": "DAILY SKIN",
        "Cost": 76,
        "OldCost": 0,
        "Multiplier": [
            0,
            0,
            0
        ],
        "BrawlerID": [
            0,
            0,
            0
        ],
        "SkinID": [
            98,
            0,
            0
        ],
        "WhoBuyed": [
            7705,
            345,
            7935,
            21,
            7934,
            9
        ],
        "Timer": 86400,
        "OfferBGR": "offer_xmas",
        "ShopType": 0,
        "ShopDisplay": 0
    },
    "12": {
        "ID": [
            4,
            0,
            0
        ],
        "OfferTitle": "ВОЗРАЩАЕМСЯ В ГИМНАЗИЮ =(",
        "Cost": 0,
        "OldCost": 0,
        "Multiplier": [
            1,
            0,
            0
        ],
        "BrawlerID": [
            0,
            0,
            0
        ],
        "SkinID": [
            52,
            0,
            0
        ],
        "WhoBuyed": [
            8518,
            9,
            7659,
            7827,
            7743,
            21,
            252,
            445,
            7808,
            7828,
            7836,
            71,
            7720,
            431,
            8552,
            6484,
            7814,
            74,
            486,
            82,
            7705,
            7804,
            261,
            7821,
            7829,
            7681,
            8563,
            7833,
            155,
            6496,
            7760,
            7810,
            7834,
            51,
            7835,
            227,
            8595,
            7837,
            7497,
            7838,
            542,
            544,
            7809,
            490,
            7839,
            7769,
            108,
            7812,
            7840,
            238,
            7841,
            307,
            7785,
            426,
            7842,
            7843,
            454,
            7844,
            277,
            7845,
            7654,
            199,
            7846,
            7847,
            287,
            7848,
            190,
            7849,
            7850,
            7851,
            7852,
            7853,
            7656,
            7854,
            7855,
            7856,
            7857,
            7771,
            7671,
            7860,
            7861,
            7862,
            7863,
            336,
            7864,
            7,
            7865,
            7866,
            8507,
            7717,
            7692,
            7868,
            7869,
            681,
            7870,
            7872,
            7871,
            7873,
            7874,
            7631,
            7875,
            7876,
            7877,
            7878,
            7879,
            485,
            7882,
            7883,
            8573,
            7884,
            7885,
            7886,
            7887,
            8475,
            7889,
            7890,
            766,
            7891,
            7618,
            444,
            106,
            7892,
            7894,
            7893,
            7895,
            7807,
            7896,
            8539,
            7897,
            7899,
            7900,
            7901,
            7902,
            7903,
            8586,
            7677,
            186,
            684,
            7858,
            7859,
            7867,
            345,
            637,
            7880,
            7881,
            7888,
            7898,
            7817,
            7904,
            7905,
            7906,
            7907,
            7908,
            7909,
            7910,
            7911,
            7912,
            819,
            7913,
            7703,
            7914,
            7915,
            7916,
            7917,
            7918,
            7919,
            7920,
            7921,
            50,
            7922,
            7923,
            7924,
            7925,
            7926,
            614,
            7927,
            7928,
            7929,
            7930,
            7931,
            7932,
            7933,
            7934,
            6502,
            7935,
            7500,
            7936,
            7937,
            7938,
            7939,
            7940,
            248,
            7941,
            7942,
            7943,
            7944,
            7945,
            81,
            697,
            7946,
            7947,
            7949,
            7950,
            7951,
            7952,
            7948,
            501,
            7953,
            7954,
            357,
            7955,
            7956,
            7957,
            7971
        ],
        "Timer": 86400,
        "OfferBGR": "offer_xmas",
        "ShopType": 0,
        "ShopDisplay": 0
    },
    "13": {
        "ID": [
            4,
            0,
            0
        ],
        "OfferTitle": "ЮШКЕВИЧ КРАСАВА ЧТО ОСТАЛСЯ =)",
        "Cost": 0,
        "OldCost": 0,
        "Multiplier": [
            1,
            0,
            0
        ],
        "BrawlerID": [
            0,
            0,
            0
        ],
        "SkinID": [
            29,
            0,
            0
        ],
        "WhoBuyed": [
            8518,
            7659,
            9,
            7827,
            7743,
            21,
            252,
            445,
            7808,
            7828,
            7836,
            71,
            7720,
            431,
            8552,
            6484,
            7814,
            74,
            82,
            486,
            7705,
            7804,
            261,
            7821,
            7829,
            7681,
            8563,
            7833,
            155,
            6496,
            7760,
            7810,
            7834,
            51,
            7835,
            227,
            8595,
            7837,
            7497,
            7838,
            542,
            544,
            7809,
            490,
            7839,
            7769,
            7812,
            7840,
            238,
            7841,
            307,
            7785,
            426,
            7842,
            7843,
            454,
            7844,
            277,
            7845,
            7654,
            199,
            7846,
            7847,
            287,
            7848,
            190,
            7849,
            7850,
            7851,
            7852,
            7853,
            7656,
            7854,
            7855,
            7856,
            7857,
            7771,
            7671,
            7860,
            7861,
            7862,
            7863,
            7864,
            7,
            7865,
            7866,
            8507,
            7717,
            7692,
            7869,
            681,
            7870,
            7872,
            7871,
            7873,
            7874,
            108,
            7631,
            7875,
            7876,
            7877,
            7878,
            7879,
            485,
            7882,
            7883,
            8573,
            7884,
            7885,
            7886,
            7887,
            8475,
            7888,
            7889,
            7890,
            766,
            7891,
            7618,
            444,
            106,
            7892,
            7893,
            7894,
            7895,
            7807,
            7896,
            8539,
            7897,
            7899,
            7900,
            2,
            7901,
            7902,
            7903,
            8586,
            7677,
            186,
            684,
            7858,
            7859,
            7867,
            7868,
            345,
            637,
            7880,
            7881,
            7898,
            7817,
            7904,
            7905,
            7906,
            7907,
            7908,
            7909,
            7910,
            7911,
            7912,
            819,
            7913,
            7703,
            7914,
            7915,
            7916,
            7917,
            7918,
            7919,
            7920,
            7921,
            50,
            7922,
            7923,
            7924,
            7925,
            7926,
            614,
            7927,
            7928,
            7929,
            7930,
            7931,
            7932,
            7933,
            7934,
            6502,
            7935,
            7500,
            7936,
            7937,
            7938,
            7939,
            7940,
            248,
            7941,
            7942,
            7943,
            7944,
            7945,
            81,
            697,
            7946,
            7947,
            7949,
            7950,
            7951,
            7952,
            7948,
            501,
            7953,
            7954,
            357,
            7955,
            7956,
            7957,
            7971
        ],
        "Timer": 86400,
        "OfferBGR": "offer_legendary",
        "ShopType": 0,
        "ShopDisplay": 0
    },
    "14": {
        "ID": [
            10,
            0,
            0
        ],
        "OfferTitle": "СУПЕР СКИДКА?",
        "Cost": 10,
        "OldCost": 80,
        "Multiplier": [
            1,
            0,
            0
        ],
        "BrawlerID": [
            0,
            0,
            0
        ],
        "SkinID": [
            0,
            0,
            0
        ],
        "WhoBuyed": [
            8518,
            7659,
            9,
            7743,
            7827,
            21,
            252,
            445,
            7808,
            7828,
            7836,
            71,
            7720,
            431,
            8552,
            6484,
            7814,
            74,
            82,
            486,
            7705,
            7804,
            261,
            7821,
            7829,
            7681,
            8563,
            7833,
            155,
            6496,
            7760,
            7810,
            7834,
            51,
            7835,
            227,
            8595,
            7837,
            7497,
            7838,
            542,
            544,
            7809,
            490,
            7839,
            7769,
            7812,
            7840,
            238,
            7841,
            307,
            7785,
            426,
            7842,
            7843,
            454,
            7844,
            277,
            7845,
            7654,
            199,
            7846,
            7847,
            287,
            7848,
            190,
            7849,
            7850,
            7851,
            7852,
            7656,
            7853,
            7854,
            7855,
            7856,
            7857,
            7771,
            7671,
            7860,
            7861,
            7862,
            7863,
            7864,
            7,
            7865,
            7866,
            7717,
            7692,
            7868,
            7869,
            681,
            7870,
            7872,
            7871,
            7873,
            7874,
            108,
            7631,
            7875,
            7876,
            7877,
            7878,
            7879,
            485,
            7882,
            7883,
            8573,
            7884,
            7885,
            7886,
            7887,
            8475,
            7888,
            7890,
            766,
            7891,
            7618,
            444,
            106,
            7892,
            7894,
            7893,
            7895,
            7807,
            7896,
            8539,
            7897,
            7899,
            7900,
            7901,
            7902,
            7903,
            8586,
            7677,
            186,
            684,
            7858,
            7859,
            7867,
            345,
            637,
            7880,
            7881,
            7889,
            7898,
            7817,
            7904,
            7905,
            7906,
            7907,
            7908,
            7909,
            7910,
            7911,
            7912,
            819,
            7913,
            7703,
            7914,
            7915,
            7916,
            7917,
            7918,
            7919,
            7920,
            7921,
            50,
            7922,
            7923,
            7924,
            7925,
            7926,
            614,
            7927,
            7928,
            7930,
            7931,
            7932,
            7933,
            7934,
            6502,
            7935,
            7500,
            7936,
            7937,
            7938,
            7939,
            7940,
            248,
            7941,
            7942,
            7943,
            7944,
            7945,
            697,
            7946,
            7947,
            7949,
            7950,
            7951,
            7952,
            7948,
            501,
            7953,
            7954,
            357,
            7955,
            7956,
            7957,
            7971
        ],
        "Timer": 86400,
        "OfferBGR": "offer_special",
        "ShopType": 0,
        "ShopDisplay": 0
    },
    "15": {
        "ID": [
            4,
            0,
            0
        ],
        "OfferTitle": "ФУТБОЛБЧИК!?",
        "Cost": 0,
        "OldCost": 0,
        "Multiplier": [
            1,
            0,
            0
        ],
        "BrawlerID": [
            0,
            0,
            0
        ],
        "SkinID": [
            159,
            0,
            0
        ],
        "WhoBuyed": [
            8518,
            7659,
            7743,
            7827,
            9,
            21,
            252,
            445,
            7808,
            7828,
            7836,
            71,
            7720,
            431,
            8552,
            51,
            6484,
            7814,
            7705,
            74,
            82,
            486,
            7804,
            261,
            7821,
            7829,
            7681,
            8563,
            7833,
            155,
            6496,
            7760,
            7810,
            7834,
            7835,
            227,
            8595,
            7837,
            7497,
            7838,
            542,
            544,
            7809,
            490,
            7839,
            7769,
            7812,
            7840,
            238,
            7841,
            307,
            7785,
            426,
            7843,
            454,
            7844,
            277,
            7845,
            7654,
            199,
            7846,
            7847,
            287,
            7848,
            190,
            7849,
            7850,
            7851,
            7852,
            7656,
            7853,
            7854,
            7855,
            7856,
            7857,
            7771,
            7671,
            7860,
            7861,
            7862,
            7863,
            7864,
            7,
            7865,
            7866,
            7717,
            7692,
            7868,
            7869,
            681,
            7870,
            7872,
            7871,
            7873,
            7874,
            108,
            7631,
            7875,
            7876,
            7877,
            7878,
            7879,
            485,
            7882,
            7883,
            8573,
            7884,
            7885,
            7842,
            7886,
            7887,
            8475,
            7888,
            7889,
            7890,
            766,
            7891,
            7618,
            444,
            106,
            7892,
            7893,
            7894,
            7895,
            7807,
            7896,
            8539,
            7897,
            7899,
            7900,
            7901,
            7902,
            7903,
            8586,
            7677,
            684,
            7858,
            7859,
            7867,
            345,
            637,
            7880,
            7881,
            7898,
            7817,
            7904,
            7905,
            7906,
            7907,
            7908,
            7909,
            7910,
            7911,
            7912,
            819,
            7913,
            7703,
            7914,
            7915,
            7916,
            7917,
            7918,
            7919,
            7920,
            7921,
            50,
            7922,
            7923,
            7924,
            7925,
            7926,
            614,
            7927,
            7928,
            7929,
            7930,
            7931,
            7932,
            7933,
            7934,
            6502,
            7935,
            7500,
            7936,
            7937,
            7938,
            7939,
            7940,
            248,
            7941,
            7942,
            7943,
            7944,
            7945,
            186,
            697,
            7946,
            7947,
            7949,
            7950,
            7951,
            7952,
            7948,
            501,
            7953,
            7954,
            357,
            7955,
            7956,
            7957,
            7971
        ],
        "Timer": 86400,
        "OfferBGR": "offer_xmas",
        "ShopType": 0,
        "ShopDisplay": 0
    },
    "16": {
        "ID": [
            16,
            0,
            0
        ],
        "OfferTitle": "ГЕМЫ ИМБА!",
        "Cost": 0,
        "OldCost": 0,
        "Multiplier": [
            100,
            0,
            0
        ],
        "BrawlerID": [
            0,
            0,
            0
        ],
        "SkinID": [
            0,
            0,
            0
        ],
        "WhoBuyed": [
            1
        ],
        "Timer": 86400,
        "OfferBGR": "offer_gems",
        "ShopType": 0,
        "ShopDisplay": 0
    }
}